Drug,Category
heroin,Heroin
naloxone,Antagonist
naltrexone,Antagonist
nalmefene,Antagonist
diprenorphine,Antagonist
kratom,Kratom
nalbuphine,Mixed Agonist
butorphanol,Mixed Agonist
pentazocine,Mixed Agonist
nalorphine,Mixed Agonist
dezocine,Mixed Agonist
buprenorphine,Partial Agonist
loperamide,Partial Agonist
meptazinol,Partial Agonist
morphine,Full Agonist
codeine,Full Agonist
oxycodone,Full Agonist
pethidine,Full Agonist
diamorphine,Full Agonist
hydromorphone,Full Agonist
levorphanol,Full Agonist
methadone,Full Agonist
fentanyl,Full Agonist
sufentanyl,Full Agonist
remifentanyl,Full Agonist
tramadol,Full Agonist
tapedolol,Full Agonist
oxymorphone,Full Agonist
hydrocodone,Full Agonist
adinazolam,Benzos
alprazolam,Benzos
bentazepam,Benzos
bretazenil,Benzos
bromazepam,Benzos
brotizolam,Benzos
chlordiazepoxide,Benzos
cinazepam,Benzos
clobazam,Benzos
clonazepam,Benzos
clonazolam,Benzos
clorazepate,Benzos
clotiazepam,Benzos
delorazepam,Benzos
deschloroetizolam,Benzos
diazepam,Benzos
diclazepam,Benzos
estazolam,Benzos
etizolam,Benzos
flualprazolam,Benzos
flubromazepam,Benzos
flubromazolam,Benzos
fludiazepam,Benzos
flunitrazepam,Benzos
flunitrazolam,Benzos
flurazepam,Benzos
flutazolam,Benzos
flutoprazepam,Benzos
loprazolam,Benzos
lorazepam,Benzos
lormetazepam,Benzos
meclonazepam,Benzos
medazepam,Benzos
metizolam,Benzos
mexazolam,Benzos
midazolam,Benzos
nifoxipam,Benzos
nimetazepam,Benzos
nitemazepam,Benzos
nitrazepam,Benzos
nitrazolam,Benzos
nordiazepam,Benzos
norflurazepam,Benzos
oxazepam,Benzos
phenazepam,Benzos
prazepam,Benzos
pyrazolam,Benzos
quazepam,Benzos
rilmazafone,Benzos
temazepam,Benzos
tetrazepam,Benzos
tofisopam,Benzos
triazolam,Benzos
apomorphine,A-Full Agonist
ethylmorphine,A-Full Agonist
desomorphine,A-Full Agonist
dihydrocodeine,A-Full Agonist
dihydromorphine,A-Full Agonist
ohmefentanyl,A-Full Agonist
3-methylfentanyl,A-Full Agonist
butyrfentanyl,A-Full Agonist
p-fluorofentanyl,A-Full Agonist
thienylfentanyl,A-Full Agonist